MPLGDR0000082,Keset Hello,3,1027,furniture murah,gratis ongkos kirim,beli furniture online,Jual keset murah
MPLGDR0000075,Keset Mushroom,26,1027,furniture murah,gratis ongkos kirim,beli furniture online,Jual keset murah
MPLGDR0000076,Keset Pacman,26,1027,furniture murah,gratis ongkos kirim,beli furniture online,Jual keset murah
MPLGDR0000060,Keset Batman Rug,15,1027,furniture murah,gratis ongkos kirim,beli furniture online,Jual keset murah
MPLGDR0000064,Keset Piano,20,1027,furniture murah,gratis ongkos kirim,beli furniture online,Jual keset murah
MPLGDR0000061,Keset Home,12,1027,furniture murah,gratis ongkos kirim,beli furniture online,Jual keset murah
MPLGDR0000063,Keset Cassette,10,1027,furniture murah,gratis ongkos kirim,beli furniture online,Jual keset murah
MPLGDR0000077,Keset Do Not Enter,6,1027,furniture murah,gratis ongkos kirim,beli furniture online,Jual keset murah
MPLGDR0000074,Keset Spider,34,1027,furniture murah,gratis ongkos kirim,beli furniture online,Jual keset murah
MPLGDR0000074,Keset Spider,34,1027,furniture murah,gratis ongkos kirim,beli furniture online,Jual keset murah
MPLACR0000008,Keset Door Mats Rainbow,3,1027,furniture murah,gratis ongkos kirim,beli furniture online,Jual keset murah
MPLACR0000007,Keset Door Mats Sendal,3,1027,furniture murah,gratis ongkos kirim,beli furniture online,Jual keset murah
MPLACR0000006,Keset Door Mats Boy's,3,1027,furniture murah,gratis ongkos kirim,beli furniture online,Jual keset murah
MPLACR0000004,Keset Door Mats Our House,1,1027,furniture murah,gratis ongkos kirim,beli furniture online,Jual keset murah
MPLACR0000009,Keset Door Mats Piano,3,1027,furniture murah,gratis ongkos kirim,beli furniture online,Jual keset murah
MPLACR0000005,Keset Door Mats Girl's,3,1027,furniture murah,gratis ongkos kirim,beli furniture online,Jual keset murah
MPLGDR0000100,Keset Cut Rumput,0,1027,furniture murah,gratis ongkos kirim,beli furniture online,Jual keset murah
MPLGDR0000103,Keset Loop Grey,0,1027,furniture murah,gratis ongkos kirim,beli furniture online,Jual keset murah
MPLGDR0000101,Keset Cut Rumput Line,0,1027,furniture murah,gratis ongkos kirim,beli furniture online,Jual keset murah
MPLGDR0000102,Keset Cut Cotton,0,1027,furniture murah,gratis ongkos kirim,beli furniture online,Jual keset murah
MPLGDR0000100,Keset Cut Rumput,0,1027,furniture murah,gratis ongkos kirim,beli furniture online,Jual keset murah
MPLKYD0000035,Talenan Kayu Ken Arok,7,903,furniture murah,gratis ongkos kirim,beli furniture online,Jual Talenan
MPLKYD0000036,Talenan Kayu Sedayu,7,903,furniture murah,gratis ongkos kirim,beli furniture online,Jual Talenan
MPLKYD0000034,Talenan Kayu Ken Dedes,7,903,furniture murah,gratis ongkos kirim,beli furniture online,Jual Talenan
MPLMMS0000010,Piring Kayu Small Round Plate,5,903,furniture murah,gratis ongkos kirim,beli furniture online,Jual Talenan
MPLMMS0000012,Piring Kayu Large Round Plate,5,903,furniture murah,gratis ongkos kirim,beli furniture online,Jual Talenan
MPLMMS0000007,Nampan Ara Serving Tray,5,903,furniture murah,gratis ongkos kirim,beli furniture online,Jual Talenan
MPLMMS0000009,Nampan Lila Serving Tray,4,903,furniture murah,gratis ongkos kirim,beli furniture online,Jual Talenan
MPLMMS0000004,Nampan Jenny Round Tray,5,903,furniture murah,gratis ongkos kirim,beli furniture online,Jual Talenan
MPLNKY0000067,Nampan Kayu Natural,1,903,furniture murah,gratis ongkos kirim,beli furniture online,Jual Talenan
MPLNKY0000062,Nampan Kayu Cloudia,2,903,furniture murah,gratis ongkos kirim,beli furniture online,Jual Talenan
MPLNKY0000064,Nampan Kayu Lovina,3,903,furniture murah,gratis ongkos kirim,beli furniture online,Jual Talenan
MPLNKY0000065,Nampan Kayu Gemercik,3,903,furniture murah,gratis ongkos kirim,beli furniture online,Jual Talenan
MPLNKY0000063,Nampan Kayu Pasela,3,903,furniture murah,gratis ongkos kirim,beli furniture online,Jual Talenan
MPLNKY0000061,Nampan Kayu Cubita,3,903,furniture murah,gratis ongkos kirim,beli furniture online,Jual Talenan
MPLNKY0000055,Talenan Kayu Kosayu Medium,3,903,furniture murah,gratis ongkos kirim,beli furniture online,Jual Talenan
MPLNKY0000056,Talenan Kayu Malaya,3,903,furniture murah,gratis ongkos kirim,beli furniture online,Jual Talenan
MPLNKY0000054,Talenan Kayu Kosayu Large,3,903,furniture murah,gratis ongkos kirim,beli furniture online,Jual Talenan
MPLCBL0000056,Roll Wooden Knife,5,830,furniture murah,gratis ongkos kirim,beli furniture online,Jual Sendok Kayu
MPLCBL0000053,Sendok Kayu Whit Wooden Spoon,0,830,furniture murah,gratis ongkos kirim,beli furniture online,Jual Sendok Kayu
MPLCBL0000055,Sendok Kayu Roll Wooden Spoon,-3,830,furniture murah,gratis ongkos kirim,beli furniture online,Jual Sendok Kayu
MPLCBL0000052,Sendok Garpu Minn Wooden Spoon and Fork Set,-2,830,furniture murah,gratis ongkos kirim,beli furniture online,Jual Sendok Kayu
MPLCBL0000054,Sendok Garpu Coupe Wooden Spoon and Fork Set,3,830,furniture murah,gratis ongkos kirim,beli furniture online,Jual Sendok Kayu
MPLNKY0000129,Sendok Nasi Nyakan Rice Spoon,3,830,furniture murah,gratis ongkos kirim,beli furniture online,Jual Sendok Kayu
MPLNKY0000111,Sendok Kayu Petak Spoon,3,830,furniture murah,gratis ongkos kirim,beli furniture online,Jual Sendok Kayu
MPLNKY0000109,Sendok Kayu Vimala,3,830,furniture murah,gratis ongkos kirim,beli furniture online,Jual Sendok Kayu
MPLNKY0000108,Sendok Kayu Gending,3,830,furniture murah,gratis ongkos kirim,beli furniture online,Jual Sendok Kayu
MPLNKY0000106,Sendok Jus Lolita,3,830,furniture murah,gratis ongkos kirim,beli furniture online,Jual Sendok Kayu
MPLHTS0000002,Gelas *STAR WARS* Darth Vader Teacup,11,833,furniture murah,gratis ongkos kirim,beli furniture online,Jual Gelas Unik
MPLHTS0000003,Gelas *STAR WARS* Stormtrooper Teacup,6,833,furniture murah,gratis ongkos kirim,beli furniture online,Jual Gelas Unik
MPLHTS0000001,Tempat Bumbu *STAR WARS* Astromech Salt dan Pepper Shakers,19,875,furniture murah,gratis ongkos kirim,beli furniture online,Jual Peralatan Dapur Unik
MPLSAL0000009,Bantal Sofa Polaroid Plushie,1,925,furniture murah,gratis ongkos kirim,beli furniture online,Jual Bantal Sofa
LVZACC0000017,Bantal Sofa Tears Cushion,0,925,furniture murah,gratis ongkos kirim,beli furniture online,Jual Bantal Sofa
LVZKID0000002,Riley Changing Table,0,1493,furniture murah,gratis ongkos kirim,beli furniture online,Jual Mainan Anak
LVZKID0000005,Riley Kids Table and Chair Set,4,1493,furniture murah,gratis ongkos kirim,beli furniture online,Jual Mainan Anak
LVZKID0000003,Riley House-shaped Storage,0,1493,furniture murah,gratis ongkos kirim,beli furniture online,Jual Mainan Anak
LVZKID0000001,Riley Baby Crib,2,4059,furniture murah,gratis ongkos kirim,beli furniture online,Jual Mainan Anak
,,,,,,,
